,Analysts
0,mrosario211
1,Analyst_PP_7797
2,jean_acciari
3,Analyst_2628177
4,Analyst_umbi
5,majorha1
6,Analyst_908965
7,loopie
8,rsreina
9,Analyst_1468046
10,Filousik
11,Analyst_7077679
12,cms574
13,Analyst_9443238
14,Analyst_2299911
15,zip159
16,Analyst_76071
17,WonterC
18,rbrandx
19,Analyst_63907
20,Analyst_2818898
21,Analyst_9351012
22,greenbananas
23,Analyst_5998654
24,hyperionives
25,lect
26,K73_11
27,Buck_106696
28,Analyst_6593974
29,SW928706
30,VMFrancis
31,BirdT
32,Analyst_3020600
33,mattstockpicker
34,Jefferies_186
35,michaelzz
36,Analyst_4229857
37,shendricks
38,Analyst_2206610
39,zimmerm66
40,jd5171
41,Adeo
42,NCIA
43,Maddy1214
44,Analyst_8835419
45,BR604079
46,NR802552
47,cbolt06
48,Analyst_5157814
49,CC505328
50,Analyst_7440869
51,Analyst_3192560
52,anishjv11
53,Oppenheimer_26
54,Suntrust_7
55,Analyst_3909404
56,Analyst_589004
57,Dr_Meso
58,eaojnr
59,Buck_446488
60,Analyst_9387580
61,SM_Georg
62,Old_Mayor
63,Analyst_3644200
64,kyleevanmurphy
65,Analyst_5841627
66,woldmark843
67,AetCap
68,Analyst_7227115
69,Analyst_2059933
70,Dem
71,Medic2525
72,Analyst_6143517
73,Analyst_5650290
74,Analyst_8847345
75,benmccann
76,Analyst_1844295
77,Analyst_6431686
78,Analyst_883247
79,Analyst_4146227
80,Analyst_4542500
81,Analyst_384218
82,Analyst_14616
83,weinhart
84,Analyst_4903215
85,earnings_ai
86,maggieb
87,Analyst_3715541
88,Analyst_5929172
89,Togger68
90,Analyst_783524
91,Analyst_7929626
92,Analyst_8886337
93,Buck_138258
94,Needham_32
95,Analyst_4890225
96,ma73es
97,bdolphin
98,Aragorn63
99,Analyst_7545489
100,Analyst_6421915
101,jfffrmm
102,sugarfysh
103,Analyst_5539859
104,dsadhvani
105,RWICK27
106,Analyst_1237625
107,HackJills
108,Analyst_5834275
109,Analyst_904101
110,Analyst_5597176
111,Analyst_703153
112,Wx_Torn
113,eteodorescu
114,mehdizare
115,Roth_17
116,Jagator904
117,Analyst_5877488
118,JH839712
119,JustAHonestDude
120,Buck_731812
121,Roth_5
122,Analyst_4982024
123,Analyst_2668883
124,Drogness
125,TV447703
126,Analyst_5039344
127,kerryburrell
128,SLVFOX
129,Analyst_8330548
130,Analyst_6875051
131,Analyst_8075381
132,dalton
133,Algowiz
134,Proximilar
135,Analyst_6530457
136,Analyst_8459943
137,Analyst_6356544
138,Analyst_1545252
139,Analyst_4378361
140,Analyst_1765893
141,Analyst_3133203
142,Analyst_8382161
143,Sentinel
144,Professor_Syed
145,Buck_142278
146,Analyst_359083
147,PWN
148,UcanQuote_me
149,Analyst_4751723
150,Fer_Aldana
151,Neil_Martin
152,Buck_504550
153,bdarbe11
154,AAFED
155,Analyst_2779233
156,RaghuRam
157,Analyst_1390165
158,rkwong00
159,PCLA
160,geekofdoom
161,Suntrust_65
162,Analyst_8729406
163,francescozunino
164,riccardo_m
165,Analyst_8523063
166,Analyst_6060676
167,Analyst_6227769
168,Diligence_Fund
169,NM501169
170,Analyst_5498960
171,savimiki
172,Analyst_4444249
173,Nat
174,Analyst_397314
175,New_Moon
176,Analyst_7673081
177,Yuekang_Yang
178,Analyst_3388435
179,Buck_762529
180,SunRay
181,BillB1210
182,Analyst_2729300
183,SIG_30
184,Analyst_1355957
185,larrylai
186,Analyst_5332121
187,SIG_31
188,ZTrade
189,elkmohawk
190,eptest
191,Oppenheimer_34
192,outlierforgood
193,Canaccord_40a
194,Analyst_2855865
195,osodeoro
196,Analyst_7992286
197,Marzano99
198,Analyst_473856
199,WeAreLions
200,Jefferies_80
201,panda_w
202,skymile123
203,amargari
204,PM
205,Analyst_6424356
206,Jefferies_66
207,Analyst_1816494
208,Mehrwert
209,Buck_861640
210,Kpb04003
211,Sam0808
212,Analyst_9257031
213,Analyst_6199074
214,Canaccord_144
215,Bill_Maurer
216,Jefferies_124
217,Analyst_2270270
218,Analyst_4716043
219,Seandc37796
220,RensPuts
221,Buck_554386
222,JJ_Lin
223,Suntrust_10
224,wakko
225,Analyst_7887230
226,Analyst_5795851
227,Analyst_2777191
228,SmitandCo
229,shawncooney
230,SIG_33
231,Analyst_7103198
232,Shibug
233,Analyst_3396844
234,afeeblemind
235,Analyst_8645565
236,Analyst_4945334
237,Analyst_5358367
238,Analyst_9726995
239,Analyst_1822754
240,Analyst_7225383
241,Big_Mac
242,Analyst_6987361
243,franvizc
244,Malette
245,Analyst_5607546
246,MTS_Insights
247,leansupplier
248,Analyst_2230047
249,Analyst_4774928
250,Analyst_7988082
251,Analyst_6348688
252,Analyst_1328834
253,Analyst_5138231
254,Analyst_6758340
255,iMarcelo
256,Analyst_4422273
257,Jefferies_227
258,Jefferies_38
259,Analyst_8626722
260,serp
261,R_C12R
262,bsirirat
263,Analyst_656238
264,Spekoliunas
265,Analyst_7821480
266,peepdapatty
267,Analyst_169013
268,Analyst_2278908
269,GHS_3
270,rama2050
271,Analyst_2324096
272,Analyst_7846748
273,tlm1tlm
274,Madmoni
275,Analyst_8532270
276,Analyst_2510548
277,JBBOEVE
278,Analyst_6503212
279,Analyst_269716
280,rpajam
281,Analyst_9402829
282,Analyst_5184679
283,omni
284,Analyst_5437074
285,Suntrust_31
286,Analyst_3642898
287,Analyst_3495376
288,skrrrreeeeeeee
289,Jefferies_26
290,SmoShow
291,Megaannum
292,Nag
293,Tag_2
294,Mr3ztime
295,gpoubel
296,Analyst_8696825
297,Analyst_7930365
299,Analyst_3125982
300,Analyst_6414753
301,Vitaly
302,Tag_3
303,QuantTrader007
304,Tag_5
305,Redhawk
306,Analyst_7793144
307,asuram54
308,Rasun
309,PJH
310,2XS
311,Reinier_Doppler
312,Suntrust_8
313,MorgaTron
314,Jefferies_209
315,Analyst_9166593
316,defjam
317,ryanmcraver
318,ShadowLibra
